tag,x,y,direction,x_variance,y_variance,xy_covariance
yellow,4.989021000000001,-90.50028999999999,0.0,0.0,0.0,0.0
yellow,4.764983000000001,-101.50049999999999,0.0,0.0,0.0,0.0
yellow,4.538640000000001,-67.500418,0.0,0.0,0.0,0.0
yellow,4.191752000000001,-33.489599999999996,0.0,0.0,0.0,0.0
yellow,3.993588000000001,-118.50281999999999,0.0,0.0,0.0,0.0
yellow,3.8962950000000003,-130.67739,0.0,0.0,0.0,0.0
yellow,3.893884,-85.51482999999999,0.0,0.0,0.0,0.0
yellow,3.833538000000001,-115.547,0.0,0.0,0.0,0.0
yellow,3.7545640000000002,-54.41265,0.0,0.0,0.0,0.0
yellow,3.6502230000000004,-127.52369999999999,0.0,0.0,0.0,0.0
yellow,3.532573000000001,-105.43329,0.0,0.0,0.0,0.0
yellow,3.450719000000001,-10.497899999999994,0.0,0.0,0.0,0.0
yellow,3.4378080000000004,-1.485439999999997,0.0,0.0,0.0,0.0
yellow,3.416232000000001,-73.47449739999999,0.0,0.0,0.0,0.0
yellow,3.410812,-47.55759,0.0,0.0,0.0,0.0
yellow,3.369974000000001,-90.46664999999999,0.0,0.0,0.0,0.0
yellow,3.368454,-25.535949999999993,0.0,0.0,0.0,0.0
yellow,3.0653760000000005,-101.50052,0.0,0.0,0.0,0.0
yellow,-5.132531499999999,-119.04763,0.0,0.0,0.0,0.0
yellow,-5.138428399999999,-83.900533,0.0,0.0,0.0,0.0
yellow,-5.402770199999999,-125.77242,0.0,0.0,0.0,0.0
yellow,-5.4082785,-113.74715,0.0,0.0,0.0,0.0
yellow,-5.4340964,-56.37564,0.0,0.0,0.0,0.0
yellow,-5.614967399999999,-12.951109999999993,0.0,0.0,0.0,0.0
yellow,-5.6578588,-107.22188,0.0,0.0,0.0,0.0
yellow,-5.6829941,-44.771339999999995,0.0,0.0,0.0,0.0
yellow,-5.7104824999999995,-75.53913299999999,0.0,0.0,0.0,0.0
yellow,-5.712737199999999,-22.990589999999997,0.0,0.0,0.0,0.0
yellow,-5.715616899999999,-2.9588099999999997,0.0,0.0,0.0,0.0
yellow,-5.835495,-92.75667,0.0,0.0,0.0,0.0
yellow,-5.994225999999999,-129.92439,0.0,0.0,0.0,0.0
yellow,-6.1624659999999984,-99.21834,0.0,0.0,0.0,0.0
yellow,-6.285889999999998,-64.593909,0.0,0.0,0.0,0.0
yellow,-6.317936999999999,-36.64771999999999,0.0,0.0,0.0,0.0
yellow,-6.724537999999999,-42.843619999999994,0.0,0.0,0.0,0.0
yellow,-6.728249,-14.948709999999998,0.0,0.0,0.0,0.0
yellow,-6.771046999999999,-112.02529,0.0,0.0,0.0,0.0
yellow,-6.777303999999999,-58.365429999999996,0.0,0.0,0.0,0.0
yellow,-6.828477999999999,-81.918604,0.0,0.0,0.0,0.0
yellow,-6.883778999999999,-20.881719999999994,0.0,0.0,0.0,0.0
yellow,-6.897269999999999,-120.97252,0.0,0.0,0.0,0.0
yellow,-6.916995,-94.60149999999999,0.0,0.0,0.0,0.0
yellow,-6.933446,-123.85747,0.0,0.0,0.0,0.0
yellow,-7.019891999999999,-77.620548,0.0,0.0,0.0,0.0
yellow,-7.047348999999999,-109.15566999999999,0.0,0.0,0.0,0.0
yellow,-7.066928999999998,-62.565749999999994,0.0,0.0,0.0,0.0
yellow,-7.067684999999999,-3.7914600000000007,0.0,0.0,0.0,0.0
yellow,-7.093190999999999,-38.67341999999999,0.0,0.0,0.0,0.0
yellow,-7.133483999999999,-97.17424,0.0,0.0,0.0,0.0
yellow,-7.167983999999999,-16.894759999999998,0.0,0.0,0.0,0.0
yellow,-7.202556999999999,-40.87258,0.0,0.0,0.0,0.0
yellow,-7.233324,-18.886939999999996,0.0,0.0,0.0,0.0
yellow,-7.235797,-60.42798,0.0,0.0,0.0,0.0
yellow,-7.243779,-79.797602,0.0,0.0,0.0,0.0
yellow,-7.571659,-129.62853,0.0,0.0,0.0,0.0
yellow,-8.369843,-4.722979999999993,0.0,0.0,0.0,0.0
yellow,-9.065797,-129.22181,0.0,0.0,0.0,0.0
yellow,-9.606631,-5.736699999999999,0.0,0.0,0.0,0.0
yellow,-10.412240999999998,-128.6632,0.0,0.0,0.0,0.0
yellow,-10.757876,-6.8256099999999975,0.0,0.0,0.0,0.0
yellow,-11.489172,-127.93268,0.0,0.0,0.0,0.0
yellow,-11.789836999999999,-7.98514999999999,0.0,0.0,0.0,0.0
yellow,-12.295195,-126.92338,0.0,0.0,0.0,0.0
yellow,-12.641531999999998,-9.202609999999993,0.0,0.0,0.0,0.0
yellow,-12.967821,-125.61188999999999,0.0,0.0,0.0,0.0
yellow,-13.289454999999997,-10.530499999999996,0.0,0.0,0.0,0.0
yellow,-13.518785000000001,-124.14374,0.0,0.0,0.0,0.0
yellow,-13.796281,-11.996049999999997,0.0,0.0,0.0,0.0
yellow,-13.986358,-122.58648,0.0,0.0,0.0,0.0
yellow,-14.191742999999999,-13.542699999999996,0.0,0.0,0.0,0.0
yellow,-14.418026999999999,-120.96305,0.0,0.0,0.0,0.0
yellow,-14.502089999999999,-15.139679999999998,0.0,0.0,0.0,0.0
yellow,-14.647092,-119.92228,0.0,0.0,0.0,0.0
yellow,-14.750095000000002,-16.770139999999998,0.0,0.0,0.0,0.0
yellow,-14.877003000000002,-118.34209,0.0,0.0,0.0,0.0
yellow,-14.954953,-18.42628,0.0,0.0,0.0,0.0
yellow,2.854031000000001,-67.501697,0.0,0.0,0.0,0.0
yellow,2.5220190000000002,-33.50053,0.0,0.0,0.0,0.0
yellow,2.389431000000001,-118.4136,0.0,0.0,0.0,0.0
yellow,2.2340920000000004,-130.6947,0.0,0.0,0.0,0.0
yellow,2.1903930000000003,-85.44193999999999,0.0,0.0,0.0,0.0
yellow,2.082318000000001,-115.56099,0.0,0.0,0.0,0.0
yellow,2.0360760000000004,-54.295899999999996,0.0,0.0,0.0,0.0
yellow,-15.024773,-116.71194,0.0,0.0,0.0,0.0
yellow,-15.120153000000002,-115.05144999999999,0.0,0.0,0.0,0.0
yellow,-15.139002999999999,-20.103569999999998,0.0,0.0,0.0,0.0
yellow,-15.188832999999999,-113.35571999999999,0.0,0.0,0.0,0.0
yellow,-15.255603,-111.65598,0.0,0.0,0.0,0.0
yellow,-15.257532999999999,-40.321349999999995,0.0,0.0,0.0,0.0
yellow,-15.257593,-42.021739999999994,0.0,0.0,0.0,0.0
yellow,-15.257663,-43.72212999999999,0.0,0.0,0.0,0.0
yellow,-15.257722999999999,-45.422509999999996,0.0,0.0,0.0,0.0
yellow,-15.257783,-47.12285,0.0,0.0,0.0,0.0
yellow,-15.257843000000001,-48.82324,0.0,0.0,0.0,0.0
yellow,-15.257912999999999,-50.523619999999994,0.0,0.0,0.0,0.0
yellow,-15.257973,-52.22400999999999,0.0,0.0,0.0,0.0
yellow,-15.258032999999998,-53.92435,0.0,0.0,0.0,0.0
yellow,-15.258092999999999,-55.624739999999996,0.0,0.0,0.0,0.0
yellow,-15.258163,-57.32512,0.0,0.0,0.0,0.0
yellow,-15.258223000000001,-59.02551,0.0,0.0,0.0,0.0
yellow,-15.258282999999999,-60.725899999999996,0.0,0.0,0.0,0.0
yellow,-15.258353,-62.42623999999999,0.0,0.0,0.0,0.0
yellow,-15.258412999999997,-64.126622,0.0,0.0,0.0,0.0
yellow,-15.258472999999999,-65.82700799999999,0.0,0.0,0.0,0.0
yellow,-15.258533,-67.527395,0.0,0.0,0.0,0.0
yellow,-15.258603,-69.227734,0.0,0.0,0.0,0.0
yellow,-15.258662999999999,-70.92812099999999,0.0,0.0,0.0,0.0
yellow,-15.258723,-72.628508,0.0,0.0,0.0,0.0
yellow,-15.258783000000001,-74.3288951,0.0,0.0,0.0,0.0
yellow,-15.258853000000002,-76.029282,0.0,0.0,0.0,0.0
yellow,-15.258913,-77.72961699999999,0.0,0.0,0.0,0.0
yellow,-15.258972999999997,-79.430004,0.0,0.0,0.0,0.0
yellow,-15.259032999999999,-81.130392,0.0,0.0,0.0,0.0
yellow,-15.259103,-82.83077899999999,0.0,0.0,0.0,0.0
yellow,-15.259163000000001,-84.53112,0.0,0.0,0.0,0.0
yellow,-15.259222999999999,-86.2315,0.0,0.0,0.0,0.0
yellow,-15.259283,-87.93189,0.0,0.0,0.0,0.0
yellow,-15.259352999999997,-89.63228,0.0,0.0,0.0,0.0
yellow,-15.259412999999999,-91.33261999999999,0.0,0.0,0.0,0.0
yellow,-15.259473,-93.03299999999999,0.0,0.0,0.0,0.0
yellow,-15.259543,-94.73339,0.0,0.0,0.0,0.0
yellow,-15.259592999999999,-38.616989999999994,0.0,0.0,0.0,0.0
yellow,-15.259602999999998,-96.43377,0.0,0.0,0.0,0.0
yellow,-15.267603000000001,-98.134,0.0,0.0,0.0,0.0
yellow,-15.284323,-36.894569999999995,0.0,0.0,0.0,0.0
yellow,-15.285782999999999,-99.83394999999999,0.0,0.0,0.0,0.0
yellow,-15.303963,-101.53396,0.0,0.0,0.0,0.0
yellow,-15.313143,-109.988,0.0,0.0,0.0,0.0
yellow,-15.315583,-21.776189999999993,0.0,0.0,0.0,0.0
yellow,-15.322142999999997,-103.23397,0.0,0.0,0.0,0.0
yellow,-15.329622999999998,-35.19349999999999,0.0,0.0,0.0,0.0
yellow,-15.340322999999998,-104.93396999999999,0.0,0.0,0.0,0.0
yellow,-15.340363,-108.31025,0.0,0.0,0.0,0.0
yellow,-15.347163000000002,-106.62545,0.0,0.0,0.0,0.0
yellow,-15.377253,-33.49547,0.0,0.0,0.0,0.0
yellow,-15.424883000000001,-31.79743,0.0,0.0,0.0,0.0
yellow,-15.434773,-23.410569999999993,0.0,0.0,0.0,0.0
yellow,-15.472513,-30.099439999999994,0.0,0.0,0.0,0.0
yellow,-15.497332999999998,-25.065269999999998,0.0,0.0,0.0,0.0
yellow,-15.507613,-28.410129999999995,0.0,0.0,0.0,0.0
yellow,-15.518873,-26.732769999999995,0.0,0.0,0.0,0.0
yellow,1.971293000000001,-127.41164,0.0,0.0,0.0,0.0
yellow,1.8221860000000003,-10.39116,0.0,0.0,0.0,0.0
yellow,1.7685470000000008,-105.50054,0.0,0.0,0.0,0.0
yellow,1.7494130000000006,-1.4337099999999907,0.0,0.0,0.0,0.0
yellow,1.7033300000000002,-73.52423089999999,0.0,0.0,0.0,0.0
yellow,1.6829080000000003,-90.35013,0.0,0.0,0.0,0.0
yellow,1.6221270000000008,-25.461949999999995,0.0,0.0,0.0,0.0
yellow,1.5864260000000003,-47.5261,0.0,0.0,0.0,0.0
yellow,1.4205190000000005,-101.55400999999999,0.0,0.0,0.0,0.0
yellow,1.2032170000000004,-67.587019,0.0,0.0,0.0,0.0
yellow,0.8893430000000002,-33.41321,0.0,0.0,0.0,0.0
yellow,0.6837550000000006,-118.28008,0.0,0.0,0.0,0.0
yellow,0.5981780000000008,-130.65653,0.0,0.0,0.0,0.0
yellow,0.4637960000000003,-85.36202,0.0,0.0,0.0,0.0
yellow,0.29861100000000107,-115.45992999999999,0.0,0.0,0.0,0.0
yellow,0.2574240000000003,-127.31524999999999,0.0,0.0,0.0,0.0
yellow,0.20277100000000026,-54.26743999999999,0.0,0.0,0.0,0.0
yellow,0.19032100000000085,-1.45805,0.0,0.0,0.0,0.0
yellow,0.12059600000000081,-105.55260999999999,0.0,0.0,0.0,0.0
yellow,-0.013165999999999123,-73.5547476,0.0,0.0,0.0,0.0
yellow,-0.042731999999999104,-10.335829999999994,0.0,0.0,0.0,0.0
yellow,-0.13396899999999956,-90.29083,0.0,0.0,0.0,0.0
yellow,-0.16953399999999963,-25.327979999999997,0.0,0.0,0.0,0.0
yellow,-0.18659099999999906,-47.34509,0.0,0.0,0.0,0.0
yellow,-0.38217499999999927,-101.58993,0.0,0.0,0.0,0.0
yellow,-0.774851,-67.538449,0.0,0.0,0.0,0.0
yellow,-0.9484229999999991,-33.36631,0.0,0.0,0.0,0.0
yellow,-0.9923729999999988,-130.53225,0.0,0.0,0.0,0.0
yellow,-1.123835999999999,-118.21204,0.0,0.0,0.0,0.0
yellow,-1.3427849999999992,-85.18536999999999,0.0,0.0,0.0,0.0
yellow,-1.3823029999999994,-1.6553399999999954,0.0,0.0,0.0,0.0
yellow,-1.4431439999999993,-115.32719,0.0,0.0,0.0,0.0
yellow,-1.5455729999999992,-127.1304,0.0,0.0,0.0,0.0
yellow,-1.6810029999999987,-105.64174,0.0,0.0,0.0,0.0
yellow,-1.7943729999999993,-54.527739999999994,0.0,0.0,0.0,0.0
yellow,-1.8754419999999996,-73.70504199999999,0.0,0.0,0.0,0.0
yellow,-2.029328999999999,-47.027499999999996,0.0,0.0,0.0,0.0
yellow,-2.1049419999999994,-24.899859999999997,0.0,0.0,0.0,0.0
yellow,-2.1419569999999997,-90.50869,0.0,0.0,0.0,0.0
yellow,-2.152628,-10.752999999999993,0.0,0.0,0.0,0.0
yellow,-2.318109999999999,-101.35119999999999,0.0,0.0,0.0,0.0
yellow,-2.6792429999999996,-130.33733999999998,0.0,0.0,0.0,0.0
yellow,-2.6803159999999995,-67.06169399999999,0.0,0.0,0.0,0.0
yellow,-2.954548999999999,-1.9416899999999941,0.0,0.0,0.0,0.0
yellow,-3.061928,-118.36368999999999,0.0,0.0,0.0,0.0
yellow,-3.0942619999999987,-33.748189999999994,0.0,0.0,0.0,0.0
yellow,-3.246081,-84.77086,0.0,0.0,0.0,0.0
yellow,-3.4179209999999998,-114.93763,0.0,0.0,0.0,0.0
yellow,-3.434868,-126.71659,0.0,0.0,0.0,0.0
yellow,-3.6764270000000003,-55.229409999999994,0.0,0.0,0.0,0.0
yellow,-3.683261,-106.0386,0.0,0.0,0.0,0.0
yellow,-3.8727281,-24.222779999999993,0.0,0.0,0.0,0.0
yellow,-3.9388759999999987,-74.2931468,0.0,0.0,0.0,0.0
yellow,-3.9469138999999984,-11.610779999999998,0.0,0.0,0.0,0.0
yellow,-4.0550423,-46.228989999999996,0.0,0.0,0.0,0.0
yellow,-4.116952699999999,-91.30757,0.0,0.0,0.0,0.0
yellow,-4.258602099999999,-100.77548999999999,0.0,0.0,0.0,0.0
yellow,-4.3641434,-130.14779,0.0,0.0,0.0,0.0
yellow,-4.415759699999999,-2.347369999999998,0.0,0.0,0.0,0.0
yellow,-4.522751099999999,-66.260922,0.0,0.0,0.0,0.0
yellow,-4.9999158999999995,-35.01542,0.0,0.0,0.0,0.0
yellow,5.111878000000001,-25.545989999999996,0.0,0.0,0.0,0.0
yellow,5.1122250000000005,-47.5154,0.0,0.0,0.0,0.0
yellow,5.133728000000001,-10.499759999999995,0.0,0.0,0.0,0.0
yellow,5.144687000000001,-73.4815902,0.0,0.0,0.0,0.0
yellow,5.170795,-1.4999600000000015,0.0,0.0,0.0,0.0
yellow,5.268147000000001,-105.42953,0.0,0.0,0.0,0.0
yellow,5.371187000000001,-54.498979999999996,0.0,0.0,0.0,0.0
yellow,5.435737000000001,-127.59083999999999,0.0,0.0,0.0,0.0
yellow,5.529387,-115.50716,0.0,0.0,0.0,0.0
yellow,5.587477,-130.62644,0.0,0.0,0.0,0.0
yellow,5.652937000000001,-85.54760999999999,0.0,0.0,0.0,0.0
yellow,5.6593170000000015,-118.48152999999999,0.0,0.0,0.0,0.0
yellow,5.893357,-33.490739999999995,0.0,0.0,0.0,0.0
yellow,6.238417,-67.500258,0.0,0.0,0.0,0.0
yellow,6.464587,-101.50048,0.0,0.0,0.0,0.0
yellow,6.689077000000001,-90.50036,0.0,0.0,0.0,0.0
yellow,6.794117,-47.50062,0.0,0.0,0.0,0.0
yellow,6.811807,-25.525059999999996,0.0,0.0,0.0,0.0
yellow,6.832397,-10.499839999999999,0.0,0.0,0.0,0.0
yellow,6.8440270000000005,-73.49939619999999,0.0,0.0,0.0,0.0
yellow,6.8730470000000015,-1.4999600000000015,0.0,0.0,0.0,0.0
yellow,6.977947,-105.45259,0.0,0.0,0.0,0.0
yellow,15.189456999999999,-90.50072,0.0,0.0,0.0,0.0
yellow,15.292087,-47.499869999999994,0.0,0.0,0.0,0.0
yellow,15.303967000000002,-25.50049,0.0,0.0,0.0,0.0
yellow,15.325657000000001,-10.500239999999998,0.0,0.0,0.0,0.0
yellow,15.329667000000002,-73.481128,0.0,0.0,0.0,0.0
yellow,15.384487000000002,-1.4999199999999888,0.0,0.0,0.0,0.0
yellow,15.460957000000002,-105.50056,0.0,0.0,0.0,0.0
yellow,15.559057000000001,-54.500409999999995,0.0,0.0,0.0,0.0
yellow,15.662526999999999,-127.49978999999999,0.0,0.0,0.0,0.0
yellow,15.713097,-115.49995999999999,0.0,0.0,0.0,0.0
yellow,15.822317,-130.50151,0.0,0.0,0.0,0.0
yellow,15.867127000000002,-85.49931,0.0,0.0,0.0,0.0
yellow,15.885177,-118.53623999999999,0.0,0.0,0.0,0.0
yellow,16.102907000000002,-33.497539999999994,0.0,0.0,0.0,0.0
yellow,16.437007,-67.499299,0.0,0.0,0.0,0.0
yellow,16.662227,-101.50036,0.0,0.0,0.0,0.0
yellow,16.889547,-90.50079,0.0,0.0,0.0,0.0
yellow,16.991647,-47.499719999999996,0.0,0.0,0.0,0.0
yellow,17.002977,-25.496919999999996,0.0,0.0,0.0,0.0
yellow,17.024327,-10.500329999999998,0.0,0.0,0.0,0.0
yellow,17.056176999999998,-73.4812056,0.0,0.0,0.0,0.0
yellow,17.086787,-1.4999099999999999,0.0,0.0,0.0,0.0
yellow,17.162257000000004,-105.50062,0.0,0.0,0.0,0.0
yellow,17.258357000000004,-54.500499999999995,0.0,0.0,0.0,0.0
yellow,17.363157,-127.49932,0.0,0.0,0.0,0.0
yellow,17.413077,-115.49984,0.0,0.0,0.0,0.0
yellow,17.525477000000002,-130.50124,0.0,0.0,0.0,0.0
yellow,17.568106999999998,-85.4987,0.0,0.0,0.0,0.0
yellow,17.582867,-118.5541,0.0,0.0,0.0,0.0
yellow,17.804517000000004,-33.49867,0.0,0.0,0.0,0.0
yellow,18.134757,-67.48525,0.0,0.0,0.0,0.0
yellow,18.361837,-101.50034,0.0,0.0,0.0,0.0
yellow,18.589607,-90.50085999999999,0.0,0.0,0.0,0.0
yellow,18.690337,-47.486909999999995,0.0,0.0,0.0,0.0
yellow,18.702787,-25.486579999999996,0.0,0.0,0.0,0.0
yellow,18.722997,-10.500399999999999,0.0,0.0,0.0,0.0
yellow,18.789087000000002,-1.4998999999999967,0.0,0.0,0.0,0.0
yellow,18.848146999999997,-73.5591603,0.0,0.0,0.0,0.0
yellow,18.863547000000004,-105.50067,0.0,0.0,0.0,0.0
yellow,18.957607000000003,-54.50058,0.0,0.0,0.0,0.0
yellow,19.063797,-127.49884,0.0,0.0,0.0,0.0
yellow,19.129267,-115.47522,0.0,0.0,0.0,0.0
yellow,19.228637,-130.50097,0.0,0.0,0.0,0.0
yellow,19.279957000000003,-118.57104,0.0,0.0,0.0,0.0
yellow,19.282297,-85.48903999999999,0.0,0.0,0.0,0.0
yellow,19.506117000000003,-33.49979999999999,0.0,0.0,0.0,0.0
yellow,19.831847000000003,-67.466745,0.0,0.0,0.0,0.0
yellow,20.061436999999998,-101.50031999999999,0.0,0.0,0.0,0.0
yellow,20.289687,-90.50093,0.0,0.0,0.0,0.0
yellow,20.388857,-47.471579999999996,0.0,0.0,0.0,0.0
yellow,20.397797000000004,-25.479119999999995,0.0,0.0,0.0,0.0
yellow,20.421667,-10.500479999999996,0.0,0.0,0.0,0.0
yellow,20.539907,-1.4783899999999903,0.0,0.0,0.0,0.0
yellow,20.563397000000002,-73.716726,0.0,0.0,0.0,0.0
yellow,20.564857000000003,-105.50073,0.0,0.0,0.0,0.0
yellow,20.656907000000004,-54.50067,0.0,0.0,0.0,0.0
yellow,20.764437,-127.49837,0.0,0.0,0.0,0.0
yellow,20.832757,-115.44263,0.0,0.0,0.0,0.0
yellow,20.931797000000003,-130.5007,0.0,0.0,0.0,0.0
yellow,20.966667,-118.57249999999999,0.0,0.0,0.0,0.0
yellow,20.983587,-85.44923,0.0,0.0,0.0,0.0
yellow,21.259417,-33.515719999999995,0.0,0.0,0.0,0.0
yellow,21.498177,-67.470106,0.0,0.0,0.0,0.0
yellow,21.799957,-101.46742,0.0,0.0,0.0,0.0
yellow,22.007117,-90.53565,0.0,0.0,0.0,0.0
yellow,22.062357,-25.502239999999993,0.0,0.0,0.0,0.0
yellow,22.087377000000004,-47.45626,0.0,0.0,0.0,0.0
yellow,22.164257,-10.513019999999997,0.0,0.0,0.0,0.0
yellow,22.227817,-73.8670647,0.0,0.0,0.0,0.0
yellow,22.255007,-1.386739999999989,0.0,0.0,0.0,0.0
yellow,22.309407,-105.53856999999999,0.0,0.0,0.0,0.0
yellow,22.372926999999997,-54.519499999999994,0.0,0.0,0.0,0.0
yellow,22.464796999999997,-127.48179999999999,0.0,0.0,0.0,0.0
yellow,22.511077,-115.42257,0.0,0.0,0.0,0.0
yellow,22.645577000000003,-118.5543,0.0,0.0,0.0,0.0
yellow,22.662047,-130.53951999999998,0.0,0.0,0.0,0.0
yellow,22.673597,-85.41487,0.0,0.0,0.0,0.0
yellow,23.002437,-33.625809999999994,0.0,0.0,0.0,0.0
yellow,23.214567000000002,-67.521002,0.0,0.0,0.0,0.0
yellow,23.495517,-101.41038999999999,0.0,0.0,0.0,0.0
yellow,23.700716999999997,-90.57330999999999,0.0,0.0,0.0,0.0
yellow,23.768407000000003,-47.45765,0.0,0.0,0.0,0.0
yellow,23.790236999999998,-25.516509999999997,0.0,0.0,0.0,0.0
yellow,23.853797,-73.92704958,0.0,0.0,0.0,0.0
yellow,23.877017000000002,-10.593889999999995,0.0,0.0,0.0,0.0
yellow,23.897697,-1.3195599999999956,0.0,0.0,0.0,0.0
yellow,24.009836999999997,-105.61066,0.0,0.0,0.0,0.0
yellow,24.050466999999998,-54.54804,0.0,0.0,0.0,0.0
yellow,24.161347,-127.46142,0.0,0.0,0.0,0.0
yellow,24.162857000000002,-115.43954,0.0,0.0,0.0,0.0
yellow,24.318106999999998,-118.50856999999999,0.0,0.0,0.0,0.0
yellow,24.326697000000003,-85.41448,0.0,0.0,0.0,0.0
yellow,24.356067000000003,-130.59027,0.0,0.0,0.0,0.0
yellow,24.667107,-33.738009999999996,0.0,0.0,0.0,0.0
yellow,24.920777,-67.516792,0.0,0.0,0.0,0.0
yellow,7.062597,-54.499979999999994,0.0,0.0,0.0,0.0
yellow,7.177517,-127.58368999999999,0.0,0.0,0.0,0.0
yellow,7.213247000000001,-115.50057,0.0,0.0,0.0,0.0
yellow,7.285177000000001,-130.57013999999998,0.0,0.0,0.0,0.0
yellow,7.3663170000000004,-85.53329,0.0,0.0,0.0,0.0
yellow,7.370437000000001,-118.4828,0.0,0.0,0.0,0.0
yellow,7.594917000000001,-33.49187,0.0,0.0,0.0,0.0
yellow,7.938197000000001,-67.500098,0.0,0.0,0.0,0.0
yellow,25.155147,-101.37696,0.0,0.0,0.0,0.0
yellow,25.326817,-90.56268,0.0,0.0,0.0,0.0
yellow,25.426997,-1.3690599999999904,0.0,0.0,0.0,0.0
yellow,25.440337,-25.543819999999997,0.0,0.0,0.0,0.0
yellow,25.444617,-47.49982,0.0,0.0,0.0,0.0
yellow,25.456367,-10.615879999999997,0.0,0.0,0.0,0.0
yellow,25.574306999999997,-73.99781353,0.0,0.0,0.0,0.0
yellow,25.649677000000004,-54.484899999999996,0.0,0.0,0.0,0.0
yellow,25.661627000000003,-105.65534,0.0,0.0,0.0,0.0
yellow,25.811346999999998,-127.47353,0.0,0.0,0.0,0.0
yellow,25.828787,-115.52446,0.0,0.0,0.0,0.0
yellow,25.935067000000004,-85.48983,0.0,0.0,0.0,0.0
yellow,25.978307,-130.59102,0.0,0.0,0.0,0.0
yellow,26.087877,-118.49802,0.0,0.0,0.0,0.0
yellow,26.234856999999998,-33.757299999999994,0.0,0.0,0.0,0.0
yellow,26.534717,-67.552048,0.0,0.0,0.0,0.0
yellow,26.738706999999998,-101.42981999999999,0.0,0.0,0.0,0.0
yellow,26.889927,-1.6427300000000002,0.0,0.0,0.0,0.0
yellow,26.909506999999998,-10.426979999999993,0.0,0.0,0.0,0.0
yellow,26.966107,-90.44821999999999,0.0,0.0,0.0,0.0
yellow,26.971937000000004,-25.675669999999997,0.0,0.0,0.0,0.0
yellow,27.146566999999997,-74.006765313,0.0,0.0,0.0,0.0
yellow,27.221787,-47.472139999999996,0.0,0.0,0.0,0.0
yellow,27.231757,-105.60547,0.0,0.0,0.0,0.0
yellow,27.343727,-54.39632999999999,0.0,0.0,0.0,0.0
yellow,27.525607,-115.59433999999999,0.0,0.0,0.0,0.0
yellow,27.529917000000005,-127.52393,0.0,0.0,0.0,0.0
yellow,27.532297,-130.46446,0.0,0.0,0.0,0.0
yellow,27.630987000000005,-85.60956999999999,0.0,0.0,0.0,0.0
yellow,27.631897000000002,-33.58828,0.0,0.0,0.0,0.0
yellow,27.755517000000005,-118.51607,0.0,0.0,0.0,0.0
yellow,27.983287000000004,-67.739053,0.0,0.0,0.0,0.0
yellow,28.308847,-101.6257,0.0,0.0,0.0,0.0
yellow,28.369707000000005,-26.022149999999996,0.0,0.0,0.0,0.0
yellow,28.391947000000002,-2.074460000000002,0.0,0.0,0.0,0.0
yellow,28.454927000000005,-10.074589999999993,0.0,0.0,0.0,0.0
yellow,28.489657,-73.81992559999999,0.0,0.0,0.0,0.0
yellow,28.565127000000004,-90.30306999999999,0.0,0.0,0.0,0.0
yellow,28.663237000000002,-47.520199999999996,0.0,0.0,0.0,0.0
yellow,28.728647000000002,-105.38217999999999,0.0,0.0,0.0,0.0
yellow,28.781607,-54.207249999999995,0.0,0.0,0.0,0.0
yellow,28.954747000000005,-33.11781,0.0,0.0,0.0,0.0
yellow,29.063537000000004,-115.73611,0.0,0.0,0.0,0.0
yellow,29.070327,-130.21776,0.0,0.0,0.0,0.0
yellow,29.107657000000003,-127.58228,0.0,0.0,0.0,0.0
yellow,29.117967,-85.80237,0.0,0.0,0.0,0.0
yellow,29.153217000000005,-68.187724,0.0,0.0,0.0,0.0
yellow,29.266707000000004,-118.42328,0.0,0.0,0.0,0.0
yellow,29.583637000000003,-47.89451,0.0,0.0,0.0,0.0
yellow,29.603997,-73.26888699999999,0.0,0.0,0.0,0.0
yellow,29.705167000000003,-26.579869999999993,0.0,0.0,0.0,0.0
yellow,29.740837,-101.94156,0.0,0.0,0.0,0.0
yellow,29.756687,-2.642309999999995,0.0,0.0,0.0,0.0
yellow,29.759787000000003,-53.75919,0.0,0.0,0.0,0.0
yellow,29.832507,-89.99962,0.0,0.0,0.0,0.0
yellow,29.833467000000006,-9.592519999999993,0.0,0.0,0.0,0.0
yellow,30.088137000000003,-104.98956,0.0,0.0,0.0,0.0
yellow,30.183887000000006,-86.21441,0.0,0.0,0.0,0.0
yellow,30.198127,-32.41797,0.0,0.0,0.0,0.0
yellow,30.251237000000003,-129.81297,0.0,0.0,0.0,0.0
yellow,30.260587,-127.84733,0.0,0.0,0.0,0.0
yellow,30.302497000000002,-116.07041,0.0,0.0,0.0,0.0
yellow,30.347937,-69.00338599999999,0.0,0.0,0.0,0.0
yellow,30.475637,-118.10919,0.0,0.0,0.0,0.0
yellow,30.607737,-48.80117,0.0,0.0,0.0,0.0
yellow,30.636337000000005,-27.270049999999998,0.0,0.0,0.0,0.0
yellow,30.728807000000003,-72.39167599999999,0.0,0.0,0.0,0.0
yellow,30.755007,-52.818479999999994,0.0,0.0,0.0,0.0
yellow,30.784677000000002,-89.32211,0.0,0.0,0.0,0.0
yellow,30.788467000000004,-102.49824,0.0,0.0,0.0,0.0
yellow,30.798347,-3.3485299999999967,0.0,0.0,0.0,0.0
yellow,30.805597000000006,-8.972309999999993,0.0,0.0,0.0,0.0
yellow,31.051547,-104.3398,0.0,0.0,0.0,0.0
yellow,31.069977,-31.616569999999996,0.0,0.0,0.0,0.0
yellow,31.200127000000002,-87.06788,0.0,0.0,0.0,0.0
yellow,31.311527000000005,-69.959479,0.0,0.0,0.0,0.0
yellow,31.320717000000002,-116.76488,0.0,0.0,0.0,0.0
yellow,31.361197000000004,-28.356899999999996,0.0,0.0,0.0,0.0
yellow,31.404457,-49.88395,0.0,0.0,0.0,0.0
yellow,31.405047000000003,-8.009379999999993,0.0,0.0,0.0,0.0
yellow,31.406817000000004,-128.53605,0.0,0.0,0.0,0.0
yellow,31.410127000000003,-129.02598999999998,0.0,0.0,0.0,0.0
yellow,31.415437000000004,-4.291719999999998,0.0,0.0,0.0,0.0
yellow,31.478537000000003,-117.43448,0.0,0.0,0.0,0.0
yellow,31.498297,-51.72588999999999,0.0,0.0,0.0,0.0
yellow,31.538757000000004,-71.41954899999999,0.0,0.0,0.0,0.0
yellow,31.576277000000005,-88.36672,0.0,0.0,0.0,0.0
yellow,31.592127000000005,-30.520159999999997,0.0,0.0,0.0,0.0
yellow,31.645407000000006,-103.33959999999999,0.0,0.0,0.0,0.0
yellow,31.723847,-103.50798999999999,0.0,0.0,0.0,0.0
yellow,31.732637000000004,-87.87442999999999,0.0,0.0,0.0,0.0
yellow,31.736837,-70.774136,0.0,0.0,0.0,0.0
yellow,31.739297,-29.470049999999993,0.0,0.0,0.0,0.0
yellow,31.741247,-50.847269999999995,0.0,0.0,0.0,0.0
yellow,31.743567000000006,-128.77828,0.0,0.0,0.0,0.0
yellow,31.746237,-117.2578,0.0,0.0,0.0,0.0
yellow,31.789317000000004,-6.7261900000000026,0.0,0.0,0.0,0.0
yellow,31.803777000000004,-5.543340000000001,0.0,0.0,0.0,0.0
yellow,8.164197000000001,-101.50046,0.0,0.0,0.0,0.0
yellow,8.389167,-90.50043,0.0,0.0,0.0,0.0
yellow,8.493677,-47.50046999999999,0.0,0.0,0.0,0.0
yellow,8.509697000000001,-25.503159999999994,0.0,0.0,0.0,0.0
yellow,8.531017,-10.499919999999996,0.0,0.0,0.0,0.0
yellow,8.539647,-73.49940319999999,0.0,0.0,0.0,0.0
yellow,8.575347,-1.4999499999999983,0.0,0.0,0.0,0.0
yellow,8.675967,-105.48203,0.0,0.0,0.0,0.0
yellow,8.761897000000001,-54.50005999999999,0.0,0.0,0.0,0.0
yellow,8.879057000000001,-127.54641,0.0,0.0,0.0,0.0
yellow,8.913217000000001,-115.50044,0.0,0.0,0.0,0.0
yellow,8.991587,-130.51801,0.0,0.0,0.0,0.0
yellow,9.064537000000001,-85.51145,0.0,0.0,0.0,0.0
yellow,9.075197000000001,-118.49101999999999,0.0,0.0,0.0,0.0
yellow,9.296527000000001,-33.492999999999995,0.0,0.0,0.0,0.0
yellow,9.637917,-67.499938,0.0,0.0,0.0,0.0
yellow,9.863807000000001,-101.50044,0.0,0.0,0.0,0.0
yellow,10.089257,-90.50049999999999,0.0,0.0,0.0,0.0
yellow,10.193277,-47.500319999999995,0.0,0.0,0.0,0.0
yellow,10.208227,-25.501009999999994,0.0,0.0,0.0,0.0
yellow,10.229687,-10.499999999999993,0.0,0.0,0.0,0.0
yellow,10.235267,-73.4994103,0.0,0.0,0.0,0.0
yellow,10.277637,-1.499929999999992,0.0,0.0,0.0,0.0
yellow,10.357087,-105.50039,0.0,0.0,0.0,0.0
yellow,10.461197,-54.50014999999999,0.0,0.0,0.0,0.0
yellow,10.576477,-127.50822,0.0,0.0,0.0,0.0
yellow,10.613177,-115.50032999999999,0.0,0.0,0.0,0.0
yellow,10.712827,-130.50232,0.0,0.0,0.0,0.0
yellow,10.764257,-85.50113999999999,0.0,0.0,0.0,0.0
yellow,10.779947,-118.49923999999999,0.0,0.0,0.0,0.0
yellow,10.998137,-33.494139999999994,0.0,0.0,0.0,0.0
yellow,11.337697,-67.49977899999999,0.0,0.0,0.0,0.0
yellow,11.563407,-101.50041999999999,0.0,0.0,0.0,0.0
yellow,11.789317000000002,-90.50057,0.0,0.0,0.0,0.0
yellow,11.892887,-47.50017,0.0,0.0,0.0,0.0
yellow,11.906777,-25.500839999999997,0.0,0.0,0.0,0.0
yellow,11.928367,-10.500079999999997,0.0,0.0,0.0,0.0
yellow,11.930857000000001,-73.49941749999999,0.0,0.0,0.0,0.0
yellow,11.979937000000001,-1.4999199999999888,0.0,0.0,0.0,0.0
yellow,12.058387000000002,-105.50045,0.0,0.0,0.0,0.0
yellow,12.160447,-54.50023999999999,0.0,0.0,0.0,0.0
yellow,12.261257000000002,-127.50074,0.0,0.0,0.0,0.0
yellow,12.313157000000002,-115.50019999999999,0.0,0.0,0.0,0.0
yellow,12.415987,-130.50205,0.0,0.0,0.0,0.0
yellow,12.465207000000001,-85.50053,0.0,0.0,0.0,0.0
yellow,12.484707000000002,-118.50746,0.0,0.0,0.0,0.0
yellow,12.699737,-33.49527,0.0,0.0,0.0,0.0
yellow,13.037477,-67.499619,0.0,0.0,0.0,0.0
yellow,13.263017,-101.5004,0.0,0.0,0.0,0.0
yellow,13.489397000000002,-90.50065,0.0,0.0,0.0,0.0
yellow,13.592487,-47.50001999999999,0.0,0.0,0.0,0.0
yellow,13.605367,-25.500659999999996,0.0,0.0,0.0,0.0
yellow,13.627037,-10.500159999999994,0.0,0.0,0.0,0.0
yellow,13.628007000000002,-73.49574009999999,0.0,0.0,0.0,0.0
yellow,13.682187,-1.4999199999999888,0.0,0.0,0.0,0.0
yellow,13.759677000000002,-105.50049999999999,0.0,0.0,0.0,0.0
yellow,13.859747,-54.500319999999995,0.0,0.0,0.0,0.0
yellow,13.961897000000002,-127.50027,0.0,0.0,0.0,0.0
yellow,14.013126999999999,-115.50008,0.0,0.0,0.0,0.0
yellow,14.119147,-130.50178,0.0,0.0,0.0,0.0
yellow,14.166177,-85.49992,0.0,0.0,0.0,0.0
yellow,14.187477,-118.51839999999999,0.0,0.0,0.0,0.0
yellow,14.401347,-33.496399999999994,0.0,0.0,0.0,0.0
yellow,14.737247000000002,-67.49945799999999,0.0,0.0,0.0,0.0
yellow,14.962627,-101.50037999999999,0.0,0.0,0.0,0.0
blue,4.973323000000001,-93.50023999999999,0.0,0.0,0.0,0.0
blue,4.750998000000001,-98.50053,0.0,0.0,0.0,0.0
blue,4.517881000000001,-64.50049,0.0,0.0,0.0,0.0
blue,4.209084000000001,-36.489549999999994,0.0,0.0,0.0,0.0
blue,4.017501000000001,-82.517404,0.0,0.0,0.0,0.0
blue,3.959066,-133.67669,0.0,0.0,0.0,0.0
blue,3.9532190000000007,-121.50253,0.0,0.0,0.0,0.0
blue,3.8600980000000007,-124.53108,0.0,0.0,0.0,0.0
blue,3.780728,-112.54746,0.0,0.0,0.0,0.0
blue,3.582765,-108.43286,0.0,0.0,0.0,0.0
blue,3.54936,-57.40562,0.0,0.0,0.0,0.0
blue,3.520482000000001,1.5134100000000075,0.0,0.0,0.0,0.0
blue,3.454173000000001,-76.474226,0.0,0.0,0.0,0.0
blue,3.4361820000000005,-22.536739999999995,0.0,0.0,0.0,0.0
blue,3.3771430000000002,-13.496969999999997,0.0,0.0,0.0,0.0
blue,3.3628860000000014,-44.558009999999996,0.0,0.0,0.0,0.0
blue,3.1939350000000006,-93.46145,0.0,0.0,0.0,0.0
blue,3.0506080000000004,-98.50056,0.0,0.0,0.0,0.0
blue,-5.4137311,0.48175000000000523,0.0,0.0,0.0,0.0
blue,-6.462289999999999,-132.88762,0.0,0.0,0.0,0.0
blue,-7.188715999999999,-0.34541999999999007,0.0,0.0,0.0,0.0
blue,-8.225905999999998,-132.55629,0.0,0.0,0.0,0.0
blue,-8.731292999999999,-1.2950099999999907,0.0,0.0,0.0,0.0
blue,-10.010655999999999,-132.06912,0.0,0.0,0.0,0.0
blue,-10.193936999999998,-2.3412599999999912,0.0,0.0,0.0,0.0
blue,-11.586068999999998,-3.48245,0.0,0.0,0.0,0.0
blue,-11.799914999999999,-131.32290999999998,0.0,0.0,0.0,0.0
blue,-12.904164999999999,-4.729579999999999,0.0,0.0,0.0,0.0
blue,-13.521408000000001,-130.13927999999999,0.0,0.0,0.0,0.0
blue,-14.1311,-6.109429999999989,0.0,0.0,0.0,0.0
blue,-14.841932999999997,-128.50888,0.0,0.0,0.0,0.0
blue,2.8025030000000006,-64.502178,0.0,0.0,0.0,0.0
blue,2.478988000000001,-36.50017999999999,0.0,0.0,0.0,0.0
blue,2.324122000000001,-82.444919,0.0,0.0,0.0,0.0
blue,2.2215680000000004,-133.69466,0.0,0.0,0.0,0.0
blue,2.1631410000000004,-121.40504999999999,0.0,0.0,0.0,0.0
blue,2.1468100000000003,-124.41678999999999,0.0,0.0,0.0,0.0
blue,2.132333000000001,-112.56142,0.0,0.0,0.0,0.0
blue,-15.224623000000001,-7.676959999999994,0.0,0.0,0.0,0.0
blue,-15.722683,-126.79955,0.0,0.0,0.0,0.0
blue,-16.068593,-9.400779999999997,0.0,0.0,0.0,0.0
blue,-16.366982999999998,-125.08589,0.0,0.0,0.0,0.0
blue,-16.673613,-11.147059999999996,0.0,0.0,0.0,0.0
blue,-16.877493,-123.38725,0.0,0.0,0.0,0.0
blue,-17.120742999999997,-12.893939999999994,0.0,0.0,0.0,0.0
blue,-17.319673,-121.72492,0.0,0.0,0.0,0.0
blue,-17.459153,-14.634109999999993,0.0,0.0,0.0,0.0
blue,-17.597503,-120.46547,0.0,0.0,0.0,0.0
blue,-17.722533,-16.364729999999994,0.0,0.0,0.0,0.0
blue,-17.857712999999997,-118.68152,0.0,0.0,0.0,0.0
blue,-17.935183,-18.082829999999994,0.0,0.0,0.0,0.0
blue,-18.017122999999998,-116.92579,0.0,0.0,0.0,0.0
blue,-18.116833,-115.19196,0.0,0.0,0.0,0.0
blue,-18.122042999999998,-19.785239999999995,0.0,0.0,0.0,0.0
blue,-18.185803,-113.49055999999999,0.0,0.0,0.0,0.0
blue,-18.252482999999998,-111.79285999999999,0.0,0.0,0.0,0.0
blue,-18.257523,-40.330099999999995,0.0,0.0,0.0,0.0
blue,-18.257582999999997,-42.02977,0.0,0.0,0.0,0.0
blue,-18.257643,-43.72942,0.0,0.0,0.0,0.0
blue,-18.257703,-45.429089999999995,0.0,0.0,0.0,0.0
blue,-18.257762999999997,-47.128699999999995,0.0,0.0,0.0,0.0
blue,-18.257823000000002,-48.828359999999996,0.0,0.0,0.0,0.0
blue,-18.257893,-50.52802,0.0,0.0,0.0,0.0
blue,-18.257953,-52.22767999999999,0.0,0.0,0.0,0.0
blue,-18.258013,-53.927299999999995,0.0,0.0,0.0,0.0
blue,-18.258073,-55.62696,0.0,0.0,0.0,0.0
blue,-18.258133,-57.32661999999999,0.0,0.0,0.0,0.0
blue,-18.258203,-59.02628,0.0,0.0,0.0,0.0
blue,-18.258263,-60.725939999999994,0.0,0.0,0.0,0.0
blue,-18.258322999999997,-62.425549999999994,0.0,0.0,0.0,0.0
blue,-18.258383,-64.125215,0.0,0.0,0.0,0.0
blue,-18.258443,-65.824874,0.0,0.0,0.0,0.0
blue,-18.258513,-67.524536,0.0,0.0,0.0,0.0
blue,-18.258573,-69.224149,0.0,0.0,0.0,0.0
blue,-18.258633,-70.92381,0.0,0.0,0.0,0.0
blue,-18.258693,-72.62347199999999,0.0,0.0,0.0,0.0
blue,-18.258753,-74.3231335,0.0,0.0,0.0,0.0
blue,-18.258823,-76.022795,0.0,0.0,0.0,0.0
blue,-18.258882999999997,-77.722404,0.0,0.0,0.0,0.0
blue,-18.258943,-79.422066,0.0,0.0,0.0,0.0
blue,-18.259003,-81.12172699999999,0.0,0.0,0.0,0.0
blue,-18.259062999999998,-82.821389,0.0,0.0,0.0,0.0
blue,-18.259123,-84.521,0.0,0.0,0.0,0.0
blue,-18.259193,-86.22066,0.0,0.0,0.0,0.0
blue,-18.259253,-87.92032999999999,0.0,0.0,0.0,0.0
blue,-18.259313,-89.61999,0.0,0.0,0.0,0.0
blue,-18.259373,-91.3196,0.0,0.0,0.0,0.0
blue,-18.259433,-93.01926,0.0,0.0,0.0,0.0
blue,-18.259503,-94.71892,0.0,0.0,0.0,0.0
blue,-18.259513,-38.634449999999994,0.0,0.0,0.0,0.0
blue,-18.259563,-96.41857999999999,0.0,0.0,0.0,0.0
blue,-18.267563,-98.11832,0.0,0.0,0.0,0.0
blue,-18.283653,-36.95728999999999,0.0,0.0,0.0,0.0
blue,-18.285743,-99.81810999999999,0.0,0.0,0.0,0.0
blue,-18.302242999999997,-21.493859999999998,0.0,0.0,0.0,0.0
blue,-18.303922999999998,-101.51794,0.0,0.0,0.0,0.0
blue,-18.312193,-110.06286,0.0,0.0,0.0,0.0
blue,-18.322103,-103.21778,0.0,0.0,0.0,0.0
blue,-18.328893,-35.259519999999995,0.0,0.0,0.0,0.0
blue,-18.340173,-108.34109,0.0,0.0,0.0,0.0
blue,-18.340283,-104.91762,0.0,0.0,0.0,0.0
blue,-18.347133,-106.62598,0.0,0.0,0.0,0.0
blue,-18.376583,-33.55882999999999,0.0,0.0,0.0,0.0
blue,-18.424263,-31.858159999999998,0.0,0.0,0.0,0.0
blue,-18.430473,-23.250169999999997,0.0,0.0,0.0,0.0
blue,-18.471943,-30.157529999999994,0.0,0.0,0.0,0.0
blue,-18.496443,-24.9929,0.0,0.0,0.0,0.0
blue,-18.507343,-28.447619999999993,0.0,0.0,0.0,0.0
blue,-18.518853,-26.725049999999996,0.0,0.0,0.0,0.0
blue,1.9495880000000003,-108.49506,0.0,0.0,0.0,0.0
blue,1.8757900000000003,-57.291579999999996,0.0,0.0,0.0,0.0
blue,1.8104510000000005,1.565650000000005,0.0,0.0,0.0,0.0
blue,1.7886930000000003,-44.532939999999996,0.0,0.0,0.0,0.0
blue,1.7855880000000006,-22.466399999999993,0.0,0.0,0.0,0.0
blue,1.7686480000000007,-76.523518,0.0,0.0,0.0,0.0
blue,1.6131340000000005,-13.383869999999995,0.0,0.0,0.0,0.0
blue,1.4890640000000008,-93.34384,0.0,0.0,0.0,0.0
blue,1.2977010000000009,-98.55653,0.0,0.0,0.0,0.0
blue,1.0580120000000006,-64.59055699999999,0.0,0.0,0.0,0.0
blue,0.7167420000000009,-36.40824,0.0,0.0,0.0,0.0
blue,0.654421000000001,-82.368083,0.0,0.0,0.0,0.0
blue,0.5224510000000002,-112.46829,0.0,0.0,0.0,0.0
blue,0.479216000000001,-121.27308,0.0,0.0,0.0,0.0
blue,0.4660990000000007,-124.32254,0.0,0.0,0.0,0.0
blue,0.45868600000000104,-133.65327,0.0,0.0,0.0,0.0
blue,0.31071500000000096,-57.26546,0.0,0.0,0.0,0.0
blue,0.19962300000000077,-108.55157,0.0,0.0,0.0,0.0
blue,0.18726800000000043,-22.34932,0.0,0.0,0.0,0.0
blue,0.17966300000000057,-44.367549999999994,0.0,0.0,0.0,0.0
blue,0.08567800000000059,-76.553106,0.0,0.0,0.0,0.0
blue,0.08177600000000051,-13.333149999999996,0.0,0.0,0.0,0.0
blue,-0.028770999999998992,1.5339000000000027,0.0,0.0,0.0,0.0
blue,-0.09130899999999897,-93.29048999999999,0.0,0.0,0.0,0.0
blue,-0.2980059999999991,-98.59116,0.0,0.0,0.0,0.0
blue,-0.3584879999999995,-64.56751899999999,0.0,0.0,0.0,0.0
blue,-0.8428179999999994,-36.364419999999996,0.0,0.0,0.0,0.0
blue,-0.9221199999999996,-82.215024,0.0,0.0,0.0,0.0
blue,-1.0584469999999992,-57.43599999999999,0.0,0.0,0.0,0.0
blue,-1.1099329999999998,-121.21199999999999,0.0,0.0,0.0,0.0
blue,-1.1124729999999996,-124.16184999999999,0.0,0.0,0.0,0.0
blue,-1.1258649999999992,-112.34403,0.0,0.0,0.0,0.0
blue,-1.1276659999999996,-13.572399999999995,0.0,0.0,0.0,0.0
blue,-1.1899619999999995,-22.04282,0.0,0.0,0.0,0.0
blue,-1.3269209999999987,-44.110929999999996,0.0,0.0,0.0,0.0
blue,-1.3397029999999992,-133.51207,0.0,0.0,0.0,0.0
blue,-1.3938749999999995,-108.62792999999999,0.0,0.0,0.0,0.0
blue,-1.4395179999999996,-76.673181,0.0,0.0,0.0,0.0
blue,-1.458005,-93.42961,0.0,0.0,0.0,0.0
blue,-1.7307979999999992,-98.40926999999999,0.0,0.0,0.0,0.0
blue,-1.745880999999999,-64.210962,0.0,0.0,0.0,0.0
blue,-1.8295549999999992,1.3111000000000104,0.0,0.0,0.0,0.0
blue,-2.0336099999999995,-36.554159999999996,0.0,0.0,0.0,0.0
blue,-2.3382379999999987,-81.91153399999999,0.0,0.0,0.0,0.0
blue,-2.3558189999999994,-57.92303,0.0,0.0,0.0,0.0
blue,-2.3962689999999993,-14.178839999999994,0.0,0.0,0.0,0.0
blue,-2.4587619999999992,-43.68926999999999,0.0,0.0,0.0,0.0
blue,-2.482747999999999,-112.08724,0.0,0.0,0.0,0.0
blue,-2.5418379999999994,-123.85267999999999,0.0,0.0,0.0,0.0
blue,-2.5580159999999994,-121.321,0.0,0.0,0.0,0.0
blue,-2.5963969999999996,-21.50792,0.0,0.0,0.0,0.0
blue,-2.621421,-93.90814999999999,0.0,0.0,0.0,0.0
blue,-2.638449999999999,-76.99624399999999,0.0,0.0,0.0,0.0
blue,-2.721501,-108.88004,0.0,0.0,0.0,0.0
blue,-2.924308999999999,-37.18134,0.0,0.0,0.0,0.0
blue,-3.018953999999999,-63.665259999999996,0.0,0.0,0.0,0.0
blue,-3.0303240000000002,-133.31672,0.0,0.0,0.0,0.0
blue,-3.0467829999999996,-98.03152,0.0,0.0,0.0,0.0
blue,-3.350515999999999,-42.88512,0.0,0.0,0.0,0.0
blue,-3.3780029999999996,-14.949489999999997,0.0,0.0,0.0,0.0
blue,-3.3788649999999993,-111.53791,0.0,0.0,0.0,0.0
blue,-3.4435079999999996,-58.619629999999994,0.0,0.0,0.0,0.0
blue,-3.4912849999999995,-94.62863,0.0,0.0,0.0,0.0
blue,-3.528677,-81.369052,0.0,0.0,0.0,0.0
blue,-3.581904999999999,-20.879509999999996,0.0,0.0,0.0,0.0
blue,-3.6015549999999994,0.9876900000000006,0.0,0.0,0.0,0.0
blue,-3.6333789999999997,-77.70353899999999,0.0,0.0,0.0,0.0
blue,-3.634727,-123.34911,0.0,0.0,0.0,0.0
blue,-3.636139,-109.43803,0.0,0.0,0.0,0.0
blue,-3.705451,-121.68615,0.0,0.0,0.0,0.0
blue,-3.717288999999999,-63.044579999999996,0.0,0.0,0.0,0.0
blue,-3.732699,-97.45895999999999,0.0,0.0,0.0,0.0
blue,-3.7411879999999993,-38.183029999999995,0.0,0.0,0.0,0.0
blue,-3.887421099999999,-15.912689999999998,0.0,0.0,0.0,0.0
blue,-3.9019996,-41.82731999999999,0.0,0.0,0.0,0.0
blue,-3.970243999999999,-59.42357,0.0,0.0,0.0,0.0
blue,-4.008366899999999,-20.026849999999996,0.0,0.0,0.0,0.0
blue,-4.029489999999999,-80.840256,0.0,0.0,0.0,0.0
blue,-4.1249912,-110.61256,0.0,0.0,0.0,0.0
blue,-4.1273903,-95.70428,0.0,0.0,0.0,0.0
blue,-4.1357298,-78.444407,0.0,0.0,0.0,0.0
blue,-4.1400331999999995,-61.90799,0.0,0.0,0.0,0.0
blue,-4.164744299999999,-39.324009999999994,0.0,0.0,0.0,0.0
blue,-4.1780827999999985,-122.23978,0.0,0.0,0.0,0.0
blue,-4.1926258999999995,-17.27836,0.0,0.0,0.0,0.0
blue,-4.197564099999999,-122.62822,0.0,0.0,0.0,0.0
blue,-4.2216565,-96.45433,0.0,0.0,0.0,0.0
blue,-4.225768499999999,-40.501439999999995,0.0,0.0,0.0,0.0
blue,-4.2406577,-18.678489999999996,0.0,0.0,0.0,0.0
blue,-4.2428799,-110.22067,0.0,0.0,0.0,0.0
blue,-4.245657399999999,-60.670139999999996,0.0,0.0,0.0,0.0
blue,-4.248337999999999,-79.634316,0.0,0.0,0.0,0.0
blue,-4.72409283,-133.1261,0.0,0.0,0.0,0.0
blue,5.060374000000001,-44.51585,0.0,0.0,0.0,0.0
blue,5.092522000000001,-22.546069999999993,0.0,0.0,0.0,0.0
blue,5.094159000000001,-13.499489999999994,0.0,0.0,0.0,0.0
blue,5.1256330000000005,-76.48152999999999,0.0,0.0,0.0,0.0
blue,5.1872630000000015,1.4999800000000079,0.0,0.0,0.0,0.0
blue,5.247057,-108.42940999999999,0.0,0.0,0.0,0.0
blue,5.327507000000001,-57.498639999999995,0.0,0.0,0.0,0.0
blue,5.471707,-124.59107,0.0,0.0,0.0,0.0
blue,5.483967,-112.5075,0.0,0.0,0.0,0.0
blue,5.657727000000001,-82.547624,0.0,0.0,0.0,0.0
blue,5.666297,-133.62541,0.0,0.0,0.0,0.0
blue,5.687077,-121.48136,0.0,0.0,0.0,0.0
blue,5.907517,-36.490689999999994,0.0,0.0,0.0,0.0
blue,6.218147,-64.500327,0.0,0.0,0.0,0.0
blue,6.451387,-98.50050999999999,0.0,0.0,0.0,0.0
blue,6.673257000000001,-93.50031999999999,0.0,0.0,0.0,0.0
blue,6.778167,-44.500659999999996,0.0,0.0,0.0,0.0
blue,6.792377,-22.525129999999997,0.0,0.0,0.0,0.0
blue,6.795527,-13.499589999999998,0.0,0.0,0.0,0.0
blue,6.826047000000001,-76.499337,0.0,0.0,0.0,0.0
blue,6.884957,1.4999800000000079,0.0,0.0,0.0,0.0
blue,6.9369070000000015,-108.45231,0.0,0.0,0.0,0.0
blue,15.173017,-93.50067,0.0,0.0,0.0,0.0
blue,15.280327000000002,-44.4999,0.0,0.0,0.0,0.0
blue,15.300017000000002,-22.50049,0.0,0.0,0.0,0.0
blue,15.302267000000002,-13.500119999999995,0.0,0.0,0.0,0.0
blue,15.340347,-76.48110799999999,0.0,0.0,0.0,0.0
blue,15.373617000000001,1.5000100000000032,0.0,0.0,0.0,0.0
blue,15.453077000000002,-108.50054,0.0,0.0,0.0,0.0
blue,15.539837,-57.500339999999994,0.0,0.0,0.0,0.0
blue,15.642957000000001,-124.49986,0.0,0.0,0.0,0.0
blue,15.700097000000001,-112.49999,0.0,0.0,0.0,0.0
blue,15.827697000000002,-133.50144,0.0,0.0,0.0,0.0
blue,15.843147,-82.499406,0.0,0.0,0.0,0.0
blue,15.860717,-121.53613999999999,0.0,0.0,0.0,0.0
blue,16.098017,-36.497499999999995,0.0,0.0,0.0,0.0
blue,16.419697,-64.499349,0.0,0.0,0.0,0.0
blue,16.653737,-98.50037,0.0,0.0,0.0,0.0
blue,16.872987000000002,-93.50074,0.0,0.0,0.0,0.0
blue,16.980717,-44.499739999999996,0.0,0.0,0.0,0.0
blue,17.001047,-22.496919999999996,0.0,0.0,0.0,0.0
blue,17.003636999999998,-13.500229999999995,0.0,0.0,0.0,0.0
blue,17.013797000000004,-76.480896,0.0,0.0,0.0,0.0
blue,17.071367000000002,1.5000100000000032,0.0,0.0,0.0,0.0
blue,17.151777000000003,-108.50058999999999,0.0,0.0,0.0,0.0
blue,17.240577000000002,-57.50044,0.0,0.0,0.0,0.0
blue,17.342317,-124.49939,0.0,0.0,0.0,0.0
blue,17.400117,-112.49987999999999,0.0,0.0,0.0,0.0
blue,17.524547,-133.50118,0.0,0.0,0.0,0.0
blue,17.542217,-82.498809,0.0,0.0,0.0,0.0
blue,17.562837000000002,-121.55402,0.0,0.0,0.0,0.0
blue,17.796447,-36.498639999999995,0.0,0.0,0.0,0.0
blue,18.121837,-64.485283,0.0,0.0,0.0,0.0
blue,18.354127,-98.50035,0.0,0.0,0.0,0.0
blue,18.572927,-93.50082,0.0,0.0,0.0,0.0
blue,18.617907000000002,-76.550277,0.0,0.0,0.0,0.0
blue,18.681957000000004,-44.48692,0.0,0.0,0.0,0.0
blue,18.701247000000002,-22.486579999999996,0.0,0.0,0.0,0.0
blue,18.705007000000002,-13.500329999999998,0.0,0.0,0.0,0.0
blue,18.769106999999998,1.5000200000000063,0.0,0.0,0.0,0.0
blue,18.850476999999998,-108.50063,0.0,0.0,0.0,0.0
blue,18.941277,-57.50053,0.0,0.0,0.0,0.0
blue,19.041687000000003,-124.49893,0.0,0.0,0.0,0.0
blue,19.083547000000003,-112.47557,0.0,0.0,0.0,0.0
blue,19.221377000000004,-133.50092999999998,0.0,0.0,0.0,0.0
blue,19.227877,-82.489531,0.0,0.0,0.0,0.0
blue,19.265566999999997,-121.571,0.0,0.0,0.0,0.0
blue,19.494887,-36.49977,0.0,0.0,0.0,0.0
blue,19.824547000000003,-64.466757,0.0,0.0,0.0,0.0
blue,20.054517000000004,-98.50032999999999,0.0,0.0,0.0,0.0
blue,20.272886999999997,-93.50089,0.0,0.0,0.0,0.0
blue,20.288356999999998,-76.70409099999999,0.0,0.0,0.0,0.0
blue,20.383357000000004,-44.47158999999999,0.0,0.0,0.0,0.0
blue,20.406117000000002,-22.479159999999993,0.0,0.0,0.0,0.0
blue,20.406377,-13.500439999999998,0.0,0.0,0.0,0.0
blue,20.417887,1.5191000000000088,0.0,0.0,0.0,0.0
blue,20.549187000000003,-108.50067999999999,0.0,0.0,0.0,0.0
blue,20.642027,-57.50063,0.0,0.0,0.0,0.0
blue,20.741047000000002,-124.49846,0.0,0.0,0.0,0.0
blue,20.779437,-112.44309999999999,0.0,0.0,0.0,0.0
blue,20.918217,-133.50066999999999,0.0,0.0,0.0,0.0
blue,20.925707000000003,-82.449788,0.0,0.0,0.0,0.0
blue,20.978827000000003,-121.57245999999999,0.0,0.0,0.0,0.0
blue,21.141157,-36.51338,0.0,0.0,0.0,0.0
blue,21.558076999999997,-64.47071799999999,0.0,0.0,0.0,0.0
blue,21.715177000000004,-98.46861999999999,0.0,0.0,0.0,0.0
blue,21.954717000000002,-93.53519,0.0,0.0,0.0,0.0
blue,22.010157,-76.859157,0.0,0.0,0.0,0.0
blue,22.063457,-13.51128,0.0,0.0,0.0,0.0
blue,22.084767,-44.45626,0.0,0.0,0.0,0.0
blue,22.097766999999997,1.6091400000000107,0.0,0.0,0.0,0.0
blue,22.141067,-22.503289999999993,0.0,0.0,0.0,0.0
blue,22.203387,-108.53669,0.0,0.0,0.0,0.0
blue,22.325727,-57.51913,0.0,0.0,0.0,0.0
blue,22.440447,-124.4819,0.0,0.0,0.0,0.0
blue,22.500837000000004,-112.42263,0.0,0.0,0.0,0.0
blue,22.586937,-133.53858,0.0,0.0,0.0,0.0
blue,22.634947000000004,-82.41516399999999,0.0,0.0,0.0,0.0
blue,22.699677,-121.55376999999999,0.0,0.0,0.0,0.0
blue,22.791027,-36.61834999999999,0.0,0.0,0.0,0.0
blue,23.240007,-64.521129,0.0,0.0,0.0,0.0
blue,23.417647000000002,-98.41140999999999,0.0,0.0,0.0,0.0
blue,23.660287000000004,-93.57301,0.0,0.0,0.0,0.0
blue,23.746767,-13.591059999999999,0.0,0.0,0.0,0.0
blue,23.780957,-76.926143,0.0,0.0,0.0,0.0
blue,23.803587,-44.45787,0.0,0.0,0.0,0.0
blue,23.813007,-22.516599999999997,0.0,0.0,0.0,0.0
blue,23.852077,1.680090000000007,0.0,0.0,0.0,0.0
blue,23.899917000000002,-108.60865,0.0,0.0,0.0,0.0
blue,24.047627,-57.54800999999999,0.0,0.0,0.0,0.0
blue,24.143627000000002,-124.4615,0.0,0.0,0.0,0.0
blue,24.248657,-112.44081,0.0,0.0,0.0,0.0
blue,24.291376999999997,-133.58955,0.0,0.0,0.0,0.0
blue,24.381726999999998,-82.41502,0.0,0.0,0.0,0.0
blue,24.425787,-121.50663,0.0,0.0,0.0,0.0
blue,24.518607000000003,-36.73432999999999,0.0,0.0,0.0,0.0
blue,24.933797,-64.516825,0.0,0.0,0.0,0.0
blue,7.036157000000001,-57.49986,0.0,0.0,0.0,0.0
blue,7.129777000000001,-124.58409,0.0,0.0,0.0,0.0
blue,7.1999970000000015,-112.50059999999999,0.0,0.0,0.0,0.0
blue,7.344197000000001,-82.533372,0.0,0.0,0.0,0.0
blue,7.366727000000001,-133.56903,0.0,0.0,0.0,0.0
blue,7.375857,-121.48275,0.0,0.0,0.0,0.0
blue,7.605897000000001,-36.49182,0.0,0.0,0.0,0.0
blue,7.918417,-64.500163,0.0,0.0,0.0,0.0
blue,25.157137,-98.377,0.0,0.0,0.0,0.0
blue,25.433657000000004,-93.56076999999999,0.0,0.0,0.0,0.0
blue,25.457437,-76.995525,0.0,0.0,0.0,0.0
blue,25.526227,-44.50093,0.0,0.0,0.0,0.0
blue,25.562187,-22.546319999999994,0.0,0.0,0.0,0.0
blue,25.566336999999997,-13.613839999999996,0.0,0.0,0.0,0.0
blue,25.646667,-108.65527,0.0,0.0,0.0,0.0
blue,25.718967,1.6166400000000039,0.0,0.0,0.0,0.0
blue,25.844707,-57.478539999999995,0.0,0.0,0.0,0.0
blue,25.893337000000002,-124.47469,0.0,0.0,0.0,0.0
blue,25.978087000000002,-112.5282,0.0,0.0,0.0,0.0
blue,26.055267,-121.49784,0.0,0.0,0.0,0.0
blue,26.068737,-133.58964,0.0,0.0,0.0,0.0
blue,26.169037000000003,-82.498971,0.0,0.0,0.0,0.0
blue,26.349777000000003,-36.755089999999996,0.0,0.0,0.0,0.0
blue,26.718397000000003,-64.557683,0.0,0.0,0.0,0.0
blue,26.970787,-98.43881999999999,0.0,0.0,0.0,0.0
blue,27.147927000000003,-44.47305,0.0,0.0,0.0,0.0
blue,27.185867000000002,-93.44015999999999,0.0,0.0,0.0,0.0
blue,27.284147000000004,-77.003562,0.0,0.0,0.0,0.0
blue,27.416167,-22.708799999999997,0.0,0.0,0.0,0.0
blue,27.473727000000004,-108.59566,0.0,0.0,0.0,0.0
blue,27.481277000000006,-13.371979999999994,0.0,0.0,0.0,0.0
blue,27.545877000000004,-57.389469999999996,0.0,0.0,0.0,0.0
blue,27.573007000000004,-124.52425,0.0,0.0,0.0,0.0
blue,27.596257,1.272900000000007,0.0,0.0,0.0,0.0
blue,27.678377000000005,-112.59826,0.0,0.0,0.0,0.0
blue,27.787287,-121.51586999999999,0.0,0.0,0.0,0.0
blue,27.864557000000005,-82.618704,0.0,0.0,0.0,0.0
blue,27.902017,-133.44158,0.0,0.0,0.0,0.0
blue,28.321617000000003,-36.50778,0.0,0.0,0.0,0.0
blue,28.637647,-64.811397,0.0,0.0,0.0,0.0
blue,28.773967,-98.66199,0.0,0.0,0.0,0.0
blue,28.971967,-93.27530999999999,0.0,0.0,0.0,0.0
blue,29.099747,-44.552369999999996,0.0,0.0,0.0,0.0
blue,29.249717000000004,-12.967389999999995,0.0,0.0,0.0,0.0
blue,29.299387000000003,-76.708365,0.0,0.0,0.0,0.0
blue,29.315187,-23.175079999999994,0.0,0.0,0.0,0.0
blue,29.337727,-108.3197,0.0,0.0,0.0,0.0
blue,29.360397,0.7648999999999972,0.0,0.0,0.0,0.0
blue,29.391737,-124.59581,0.0,0.0,0.0,0.0
blue,29.473807,-57.126129999999996,0.0,0.0,0.0,0.0
blue,29.524287,-112.77171999999999,0.0,0.0,0.0,0.0
blue,29.667197,-121.39635,0.0,0.0,0.0,0.0
blue,29.719207000000004,-133.14667,0.0,0.0,0.0,0.0
blue,29.746137000000004,-82.868887,0.0,0.0,0.0,0.0
blue,30.199517,-35.84730999999999,0.0,0.0,0.0,0.0
blue,30.628677000000003,-65.575654,0.0,0.0,0.0,0.0
blue,30.657267000000004,-99.08501,0.0,0.0,0.0,0.0
blue,30.995767,-92.76472,0.0,0.0,0.0,0.0
blue,31.075557000000003,-12.323279999999997,0.0,0.0,0.0,0.0
blue,31.111647000000005,-23.930119999999995,0.0,0.0,0.0,0.0
blue,31.130747,0.02441000000000315,0.0,0.0,0.0,0.0
blue,31.234297000000005,-75.787241,0.0,0.0,0.0,0.0
blue,31.237197000000002,-107.76060999999999,0.0,0.0,0.0,0.0
blue,31.298287000000002,-45.43294999999999,0.0,0.0,0.0,0.0
blue,31.525727000000003,-125.12754,0.0,0.0,0.0,0.0
blue,31.551477000000006,-113.34306,0.0,0.0,0.0,0.0
blue,31.556687000000004,-56.16136999999999,0.0,0.0,0.0,0.0
blue,31.730477,-120.83397,0.0,0.0,0.0,0.0
blue,31.731677000000005,-132.42203,0.0,0.0,0.0,0.0
blue,31.821167000000003,-83.700755,0.0,0.0,0.0,0.0
blue,31.913827000000005,-34.87887,0.0,0.0,0.0,0.0
blue,32.238987,-66.674549,0.0,0.0,0.0,0.0
blue,32.598857,-100.10621,0.0,0.0,0.0,0.0
blue,32.785997,-74.5751794,0.0,0.0,0.0,0.0
blue,32.817697,-46.772459999999995,0.0,0.0,0.0,0.0
blue,32.826997000000006,-91.51951,0.0,0.0,0.0,0.0
blue,32.878347000000005,-25.276719999999997,0.0,0.0,0.0,0.0
blue,32.880717000000004,-1.1892599999999902,0.0,0.0,0.0,0.0
blue,32.931307000000004,-11.08842,0.0,0.0,0.0,0.0
blue,33.030127,-54.77382,0.0,0.0,0.0,0.0
blue,33.089137,-106.54165,0.0,0.0,0.0,0.0
blue,33.282147,-126.19470999999999,0.0,0.0,0.0,0.0
blue,33.340017,-114.5464,0.0,0.0,0.0,0.0
blue,33.375067,-131.29264999999998,0.0,0.0,0.0,0.0
blue,33.401317000000006,-85.02976,0.0,0.0,0.0,0.0
blue,33.508467,-33.363519999999994,0.0,0.0,0.0,0.0
blue,33.536307,-119.61690999999999,0.0,0.0,0.0,0.0
blue,33.677287,-68.114907,0.0,0.0,0.0,0.0
blue,34.026227000000006,-48.42605999999999,0.0,0.0,0.0,0.0
blue,34.040327000000005,-27.00734,0.0,0.0,0.0,0.0
blue,34.129957000000005,-72.931349,0.0,0.0,0.0,0.0
blue,34.132087000000006,-101.66229999999999,0.0,0.0,0.0,0.0
blue,34.147237000000004,-3.0520599999999973,0.0,0.0,0.0,0.0
blue,34.156317,-9.205010000000001,0.0,0.0,0.0,0.0
blue,34.181357000000006,-89.85397999999999,0.0,0.0,0.0,0.0
blue,34.186567000000004,-53.05714999999999,0.0,0.0,0.0,0.0
blue,34.456977,-31.409929999999996,0.0,0.0,0.0,0.0
blue,34.476697,-104.69748999999999,0.0,0.0,0.0,0.0
blue,34.628237000000006,-87.09508,0.0,0.0,0.0,0.0
blue,34.703217,-70.33395999999999,0.0,0.0,0.0,0.0
blue,34.717067,-29.109199999999994,0.0,0.0,0.0,0.0
blue,34.719567000000005,-116.85896,0.0,0.0,0.0,0.0
blue,34.735147000000005,-50.668659999999996,0.0,0.0,0.0,0.0
blue,34.741837000000004,-128.71657,0.0,0.0,0.0,0.0
blue,34.745077,-7.2385599999999926,0.0,0.0,0.0,0.0
blue,34.761187,-5.039829999999995,0.0,0.0,0.0,0.0
blue,8.151777000000001,-98.50049,0.0,0.0,0.0,0.0
blue,8.373227,-93.50039,0.0,0.0,0.0,0.0
blue,8.478557,-44.50050999999999,0.0,0.0,0.0,0.0
blue,8.494247000000001,-22.503189999999996,0.0,0.0,0.0,0.0
blue,8.496847,-13.499699999999997,0.0,0.0,0.0,0.0
blue,8.530467,-76.49934999999999,0.0,0.0,0.0,0.0
blue,8.582697000000001,1.499990000000011,0.0,0.0,0.0,0.0
blue,8.638367,-108.48179999999999,0.0,0.0,0.0,0.0
blue,8.736897,-57.49995,0.0,0.0,0.0,0.0
blue,8.827397000000001,-124.54686,0.0,0.0,0.0,0.0
blue,8.900017,-112.50046999999999,0.0,0.0,0.0,0.0
blue,9.045777000000001,-82.511512,0.0,0.0,0.0,0.0
blue,9.058707,-133.51722999999998,0.0,0.0,0.0,0.0
blue,9.071057000000001,-121.49094,0.0,0.0,0.0,0.0
blue,9.304337,-36.49296,0.0,0.0,0.0,0.0
blue,9.618637000000001,-64.500001,0.0,0.0,0.0,0.0
blue,9.852167000000001,-98.50046999999999,0.0,0.0,0.0,0.0
blue,10.073187,-93.50046,0.0,0.0,0.0,0.0
blue,10.178997,-44.50036,0.0,0.0,0.0,0.0
blue,10.195727,-22.501039999999996,0.0,0.0,0.0,0.0
blue,10.198217000000001,-13.499799999999993,0.0,0.0,0.0,0.0
blue,10.234887,-76.499363,0.0,0.0,0.0,0.0
blue,10.280437000000001,1.499990000000011,0.0,0.0,0.0,0.0
blue,10.356987,-108.50039,0.0,0.0,0.0,0.0
blue,10.437647,-57.500049999999995,0.0,0.0,0.0,0.0
blue,10.529107,-124.50861,0.0,0.0,0.0,0.0
blue,10.600027,-112.50036,0.0,0.0,0.0,0.0
blue,10.737187,-133.5022,0.0,0.0,0.0,0.0
blue,10.745987000000001,-82.501195,0.0,0.0,0.0,0.0
blue,10.766247,-121.49914,0.0,0.0,0.0,0.0
blue,11.002767,-36.49408999999999,0.0,0.0,0.0,0.0
blue,11.318907000000001,-64.499838,0.0,0.0,0.0,0.0
blue,11.552557000000002,-98.50044,0.0,0.0,0.0,0.0
blue,11.773127,-93.50053,0.0,0.0,0.0,0.0
blue,11.879437000000001,-44.50019999999999,0.0,0.0,0.0,0.0
blue,11.897127,-22.500859999999996,0.0,0.0,0.0,0.0
blue,11.899587000000002,-13.499909999999993,0.0,0.0,0.0,0.0
blue,11.939277000000002,-76.499376,0.0,0.0,0.0,0.0
blue,11.978187,1.5,0.0,0.0,0.0,0.0
blue,12.055687,-108.50044,0.0,0.0,0.0,0.0
blue,12.138347000000001,-57.50014999999999,0.0,0.0,0.0,0.0
blue,12.244247,-124.50079,0.0,0.0,0.0,0.0
blue,12.300047000000001,-112.50022999999999,0.0,0.0,0.0,0.0
blue,12.434027000000002,-133.50195,0.0,0.0,0.0,0.0
blue,12.445027000000001,-82.500599,0.0,0.0,0.0,0.0
blue,12.461447000000001,-121.50733,0.0,0.0,0.0,0.0
blue,12.701197000000002,-36.49523,0.0,0.0,0.0,0.0
blue,13.019177,-64.499675,0.0,0.0,0.0,0.0
blue,13.252957,-98.50041999999999,0.0,0.0,0.0,0.0
blue,13.473087000000001,-93.50059999999999,0.0,0.0,0.0,0.0
blue,13.579887000000001,-44.500049999999995,0.0,0.0,0.0,0.0
blue,13.598567000000001,-22.500679999999996,0.0,0.0,0.0,0.0
blue,13.600957,-13.50002,0.0,0.0,0.0,0.0
blue,13.642137,-76.495706,0.0,0.0,0.0,0.0
blue,13.675877000000002,1.5000100000000032,0.0,0.0,0.0,0.0
blue,13.754387,-108.50049,0.0,0.0,0.0,0.0
blue,13.839087000000001,-57.50023999999999,0.0,0.0,0.0,0.0
blue,13.943607000000002,-124.50032999999999,0.0,0.0,0.0,0.0
blue,14.000077,-112.50012,0.0,0.0,0.0,0.0
blue,14.130857,-133.50169,0.0,0.0,0.0,0.0
blue,14.144097,-82.50000299999999,0.0,0.0,0.0,0.0
blue,14.158597000000002,-121.51825,0.0,0.0,0.0,0.0
blue,14.399627,-36.496359999999996,0.0,0.0,0.0,0.0
blue,14.719447,-64.499512,0.0,0.0,0.0,0.0
blue,14.953337,-98.5004,0.0,0.0,0.0,0.0
big_orange,5.722907000000001,1.4747100000000017,0.0,0.0,0.0,0.0
big_orange,5.743527,-1.4798299999999927,0.0,0.0,0.0,0.0
big_orange,6.292907000000001,-1.4903899999999908,0.0,0.0,0.0,0.0
big_orange,6.302907000000001,1.479610000000008,0.0,0.0,0.0,0.0
